{"cameraMode":{"drawMode":0,"name":"Shaded","section":"Shading Mode"},"sceneLighting":true,"audioPlay":false,"sceneViewState":{"showFog":true,"showMaterialUpdate":false,"showSkybox":true,"showFlares":true,"showImageEffects":true,"showParticleSystems":true},"in2DMode":false,"pivot":{"x":-8.765979766845704,"y":18.428874969482423,"z":11.926593780517579},"rotation":{"x":-0.04998984560370445,"y":0.9484704732894898,"z":-0.19177083671092988,"w":-0.24724234640598298},"size":35.44113540649414,"orthographic":false}