{"cameraMode":{"drawMode":0,"name":"Shaded","section":"Shading Mode"},"sceneLighting":false,"audioPlay":false,"sceneViewState":{"showFog":true,"showMaterialUpdate":false,"showSkybox":false,"showFlares":true,"showImageEffects":true,"showParticleSystems":true},"in2DMode":false,"pivot":{"x":-6.016593933105469,"y":14.965763092041016,"z":13.897130966186524},"rotation":{"x":0.02373914234340191,"y":-0.9708473682403565,"z":0.21241407096385957,"w":0.10849976539611817},"size":2.8578836917877199,"orthographic":false}